﻿{
  "Group": "Widgets",
  "FriendlyName": "Pace Automatic page load progress bar",
  "SystemName": "Widgets.Pace",
  "Version": "1.00",
  "SupportedVersions": [ "4.30" ],
  "Author": "Krunal Shah",
  "DisplayOrder": 1,
  "FileName": "Nop.Plugin.Widgets.Pace.dll",
  "Description": "Automatic page load progress bar | Pace will automatically monitor your ajax requests, event loop lag, document ready state, and elements on your page to decide the progress. On ajax navigation it will begin again!"
}